User,Date Created,Number of Likes,Source of Tweet,Tweet
ThanthiTV,2022-06-02 23:59:59+00:00,23,"<a href=""https://mobile.twitter.com"" rel=""nofollow"">Twitter Web App</a>","""First Day FDFS...à®µà®¨à¯à®¤à®¤à¯‡ à®…à®µà®°à¯à®•à¯à®•à®¾à®• à®¤à®¾à®©à¯"" - à®ªà®Ÿà®®à¯ à®ªà®¾à®°à¯à®•à¯à®•à¯à®®à¯ à®°à®šà®¿à®•à®°à¯à®•à®³à¯ à®‰à®±à¯à®šà®¾à®•à®®à¯ 
#vikram #kamalhaasan #vijaysethupathi #fahadhfaasil #lokeshkanagaraj #fdfs 
https://t.co/pOUEPQSnaW"
lichengriff,2022-06-02 23:59:59+00:00,4,"<a href=""http://twitter.com/download/iphone"" rel=""nofollow"">Twitter for iPhone</a>",Love the US military. Love when they spend all hours of the day flying taxpayer-funded jets over the building where I take classes. Protecting us from the dire threat of peace and quiet. Defending our god given right to unholy amounts of noise pollution
calma_day,2022-06-02 23:59:59+00:00,0,"<a href=""http://twitter.com/download/android"" rel=""nofollow"">Twitter for Android</a>",@jubs_SLima TÃ´ ligada e sussa dms kk
MarloCk999,2022-06-02 23:59:59+00:00,19,"<a href=""http://twitter.com/download/android"" rel=""nofollow"">Twitter for Android</a>","@KT_199923 @FandomMenaceLs Reads like someone who spent years watching all of those bogus ""Kathleen Kennedy is getting fired any day now"" rumor videos on YouTube."
geo_east,2022-06-02 23:59:59+00:00,1,"<a href=""http://twitter.com/download/iphone"" rel=""nofollow"">Twitter for iPhone</a>",@ChuckWurster We have to work every day to â€œliveâ€ bro.
Frisenette,2022-06-02 23:59:59+00:00,0,"<a href=""http://twitter.com/download/iphone"" rel=""nofollow"">Twitter for iPhone</a>",@LegendOfMI EGA any day!
CarineBouton,2022-06-02 23:59:59+00:00,8,"<a href=""http://twitter.com/download/iphone"" rel=""nofollow"">Twitter for iPhone</a>","Last day of our in house trip! Carnival, crepes, VR/ #Minecraft challenge and more! @JamesPHodgkins @atlantaSTEAM @AISLearns Dernier jour de voyage avec au programme des crÃªpes, une mini fÃªte foraine et +! @fredatlanta @Mlfpedagogie @HermineMorrell @Mlf_america @edith_aubin https://t.co/8XhuDRzxbD"
sweetlittleeci,2022-06-02 23:59:59+00:00,0,"<a href=""http://twitter.com/download/android"" rel=""nofollow"">Twitter for Android</a>","@twistbluesky morning, have a nice day too!!"
BickinBooks,2022-06-02 23:59:58+00:00,0,"<a href=""https://twitter.com/managerope1"" rel=""nofollow"">Bickin_Ebooks</a>",Yuna was young! He could do not that dayâ€¦ They let the past.
Giuseppe199720,2022-06-02 23:59:58+00:00,1,"<a href=""http://twitter.com/download/iphone"" rel=""nofollow"">Twitter for iPhone</a>","Love that the Cardinals-Cubs game is the MLB free game of day, but iâ€™m still blacked out from watching it ğŸ˜’."
JRTurgeon13,2022-06-02 23:59:58+00:00,6,"<a href=""https://mobile.twitter.com"" rel=""nofollow"">Twitter Web App</a>","@geostylegeo I disagree. I think that morality came first and religion co-opted it. Morality issues were every day occurences. Religion came to 'explain' big (but rarer) events: life, death, afterlife."
yacan_day,2022-06-03 23:59:59+00:00,0,"<a href=""http://twitter.com/download/iphone"" rel=""nofollow"">Twitter for iPhone</a>","@R66566 ãŠã¯ã‚ˆã†ğŸ€
ãŠäº’ã„ã«ã­(Ğ¾Â´âˆ€`Ğ¾)"
natjarvis100,2022-06-03 23:59:59+00:00,1,"<a href=""http://twitter.com/download/iphone"" rel=""nofollow"">Twitter for iPhone</a>","This week Iâ€™ve decided has been too much, like little man went to a taster day at pre school which is like proudly sad (parents will get it) and then to find out his little brother will be here no later than his birthday is just a lot. And other factors in as well. Itâ€™s been wild"
mkim83film,2022-06-03 23:59:58+00:00,1,"<a href=""http://twitter.com/download/iphone"" rel=""nofollow"">Twitter for iPhone</a>","@fuse_sabo ã•ã¼ã•ã‚“ã‚ã‚ŠãŒã¨ã†ã”ã–ã„ã¾ã™ğŸ˜âœ¨
ãŸã—ã‹ã«æ¬¡ã®ã‚»ãƒ³ã‚¤ãƒ«ã«ã¯ãƒ‰ã‚­ãƒ‰ã‚­ãŒé«˜ã¾ã£ã¦ãã†ğŸ«£ğŸ’•ğŸ«£âœ¨
ã•ã¼ã•ã‚“ã‚‚Happy FUSE Day To Youâ¤ï¸"
J068downsouth,2022-06-03 23:59:58+00:00,0,"<a href=""http://twitter.com/download/android"" rel=""nofollow"">Twitter for Android</a>","@haleykray Happy Birthday enjoy your day in your way! Hope it's filled with fun, happiness, peace and joy!"
Varodmar,2022-06-03 23:59:58+00:00,0,"<a href=""http://twitter.com/download/iphone"" rel=""nofollow"">Twitter for iPhone</a>",@lizzyrrose Donâ€™t know if one can controls dream but I remember when I younger I used be afraid of highs. I had this dream over and over that I was about to fall down from a mountain. I woke up very scared every time. One day in my dream I let go fell down. After that I didnâ€™t have the dream
CoachFordHHS,2022-06-03 23:59:58+00:00,1,"<a href=""http://twitter.com/download/iphone"" rel=""nofollow"">Twitter for iPhone</a>","Successful people are successful because they FEED THEIR MIND every day. They feed their mind with SUCCESS.

Just like a strong body needs the right nutrients to achieve peak condition, we also need the right information &amp; direction to achieve maximum success in any area of life."
munkibrain,2022-06-03 23:59:57+00:00,12,"<a href=""http://twitter.com/download/iphone"" rel=""nofollow"">Twitter for iPhone</a>","another day, another â€˜Ì·Í“Í”Ì˜ÌŸÌ²ÌÌ‹Í-Ì·Í–Ì»Ì¹Ì°Í–Í“Ì—Í‹Ì¿Í‹ÌˆÌ¿Ì“Ì¾Ì‰ÌŠÌ½ÍœÍ Í.ÌµÌ›Ì–ÌœÍšÌ³Ì˜ÍˆÌ™Ì¥Í™Ì¥ÌœÌ‹Ì‰ÌŠâ€Ì¶Ì²Ì­Ì©Ì©Ì—Í‰Ì–Ì‹*Ì¸Ì›ÌŸÌ¥Í”Ì¼Ì¦Ì—Í–Ì¥Ì³Í™ÌˆÌÌƒÌŒÌ‚ÌšÍ"
M_jeremiahh,2022-06-03 23:59:57+00:00,0,"<a href=""https://mobile.twitter.com"" rel=""nofollow"">Twitter Web App</a>",Another sensational day
FullStackLogan,2022-06-03 23:59:57+00:00,1,"<a href=""https://mobile.twitter.com"" rel=""nofollow"">Twitter Web App</a>","@jvpercy @KingMilkfart Even if it was only an effect of the zoom itself, the guy in the video is claiming that's what's happening and is still claiming to this day."
kkaystronger,2022-06-03 23:59:57+00:00,2,"<a href=""http://twitter.com/download/iphone"" rel=""nofollow"">Twitter for iPhone</a>","@milkcartonart @persistingjen @pywacket_garcia @jayobtv Depends whatâ€™s in the syringe. If Iâ€™m allergic, hell yes Iâ€™m afraid of it. When I do a risk-to-benefit analysis, allergic reactions go negative column every day of the week and twice on Sunday."
yunggsoupp,2022-06-03 23:59:57+00:00,2,"<a href=""http://twitter.com/download/iphone"" rel=""nofollow"">Twitter for iPhone</a>",word of the day: https://t.co/8WB7wWZckm
hderful,2022-06-04 23:59:59+00:00,2,"<a href=""http://twitter.com/download/android"" rel=""nofollow"">Twitter for Android</a>","Day 782 of tweeting #WAHderfulGoldenStar until #Waluigi, #Isaac and #Geno are in smash #AssistAlliance #SmashUltimate  #NintendoSwitch #Nintendo"
meltekinc,2022-06-04 23:59:59+00:00,3,"<a href=""http://www.hubspot.com/"" rel=""nofollow"">HubSpot</a>",Your quick #Checkpoint ğŸ“ of the day: An example of something #ecofriendly and/or #energy saving that you did today #sustainable #Checkpoint #engage #environment
MonkzsFromDa9th,2022-06-04 23:59:59+00:00,0,"<a href=""http://twitter.com/download/iphone"" rel=""nofollow"">Twitter for iPhone</a>","@JakeBelieves @PlayApex @Respawn @EA @TSM_Albralelie @RSPN_JayBiebs I wish apex legend one day can be a solo experience, with the understanding that it was not intended to be so. I donâ€™t know if the same 3 ppl who have the same exact time schedule to be on at the same exact time every time they wanted to play. This is why I solo."
s_thomas17,2022-06-04 23:59:58+00:00,0,"<a href=""http://twitter.com/download/iphone"" rel=""nofollow"">Twitter for iPhone</a>",Why do we need a 2 day rest between game one and two of the NBA finals. Seems silly
ProperArtist,2022-06-04 23:59:58+00:00,5,"<a href=""http://twitter.com/download/iphone"" rel=""nofollow"">Twitter for iPhone</a>","Lol my mom saved some of the cards I made for my dad on Fathers Day back in 2002 &amp; 2003

Holy shit Iâ€™ve improved a lot lol https://t.co/JeTduU7TRP"
tobiocutie,2022-06-04 23:59:58+00:00,0,"<a href=""http://twitter.com/download/android"" rel=""nofollow"">Twitter for Android</a>","@97hanmashuji jangan lupa sarapan, have a great day el!!"
taegyuaes,2022-06-04 23:59:58+00:00,0,"<a href=""http://twitter.com/download/android"" rel=""nofollow"">Twitter for Android</a>","@day6confess gausah ditanya nder, KANGEN BGT WOY!!! gw awal2 jd my day dianya udh wamil hiks:"""
NYGBCpod,2022-06-04 23:59:58+00:00,0,"<a href=""http://twitter.com/download/iphone"" rel=""nofollow"">Twitter for iPhone</a>","Yeah. Theyâ€™re just full on open fascism, and more brazen about it every day"
NevetsWa,2022-06-04 23:59:58+00:00,2,"<a href=""http://twitter.com/download/android"" rel=""nofollow"">Twitter for Android</a>",@mikaelamattes B. But this was seriously the most energy I've put into anything all day
emjeyvlcs,2022-06-04 23:59:58+00:00,0,"<a href=""http://twitter.com/download/android"" rel=""nofollow"">Twitter for Android</a>","pag walang nag myday sakin sa best friend day sa June 8, b-block ko kayong lahat"
markthemagician,2022-06-04 23:59:57+00:00,1,"<a href=""http://twitter.com/download/iphone"" rel=""nofollow"">Twitter for iPhone</a>","@Marie_Haynes Down about 10,000-15,000 users on one site per day. Iâ€™ve noticed the core update has seemingly targeted adult sites."
Tjupurru,2022-06-05 23:59:59+00:00,1,"<a href=""http://instagram.com"" rel=""nofollow"">Instagram</a>","I've been to the little school out at Linville many years ago, the last 2 meetings they have trekked their way to Cooyar to catch up with the my Didjeribone Show. Another fun day during Reconciliation week! https://t.co/G4QsE8WKzs"
namexmexking,2022-06-05 23:59:59+00:00,1,"<a href=""http://twitter.com/download/iphone"" rel=""nofollow"">Twitter for iPhone</a>",If i could? i would spend every second of every day for the rest of our lives making it up to you..
1993Jum,2022-06-05 23:59:59+00:00,7,"<a href=""http://twitter.com/download/android"" rel=""nofollow"">Twitter for Android</a>","Good morning have a good day. ğŸ˜Š
Morning06 BAMBAM 
#WheelsUp #SlowMo #WhoAreYou #ë±€ë±€ #BamBam @BamBam1A @BAMBAMxABYSSÂ  #GOT7 @GOT7 https://t.co/3uhGlzzhOc"
GiftOgechi10,2022-06-05 23:59:59+00:00,1,"<a href=""http://twitter.com/download/android"" rel=""nofollow"">Twitter for Android</a>","Otamiemie king is plus one 

WHITEMONEY DAY UNLOCKED 
ODOGWU TATI ONE
ALL ABOUT WHITEMONEY
#HappyBirthdayWhitemoney
#WorldWhitemoneyDay"
mommyclaireann,2022-06-05 23:59:59+00:00,0,"<a href=""http://twitter.com/download/android"" rel=""nofollow"">Twitter for Android</a>","â˜€ï¸Wake up every morning and say, â€œFather, thank You for another beautiful day. I will be happy. I will enjoy this day. I will brighten somebody elseâ€™s life. I am choosing to receive Your gift of joy.

#CENTimyento #MondayBoosters #deCLAIREabundANNce https://t.co/G57aTzi5gJ"
hr2jmn,2022-06-05 23:59:59+00:00,0,"<a href=""http://twitter.com/download/android"" rel=""nofollow"">Twitter for Android</a>","Happy birthday to our fullsun, haechan lee! I'm so thankful of your life bc you make everything so bright indeed like a ray of sunshine. I wish for your genuine happiness forever! Enjoy your day, love ğŸ«¶

#HAPPYHAECHANDAY
#23SummersWithHaechan
#ë™í˜ì•„_ìŠ¤ë¬¼ì…‹_í•´ì°¬ì´ë¥¼_ì˜ë¶€íƒí•´ https://t.co/jhYQb8mNPI"
swonvior,2022-06-05 23:59:59+00:00,1,"<a href=""http://twitter.com/download/android"" rel=""nofollow"">Twitter for Android</a>","@yjwonx gm eri, have a nice day ahead !"
nix_lhj,2022-06-05 23:59:59+00:00,1,"<a href=""https://mobile.twitter.com"" rel=""nofollow"">Twitter Web App</a>","@neotensity JULSSSS!!! happy birthday!! enjoy your day, sana all kabirthday si haechan ğŸ¥¹ğŸ«¶ğŸ«¶"
MK7803,2022-06-05 23:59:59+00:00,4,"<a href=""http://twitter.com/download/iphone"" rel=""nofollow"">Twitter for iPhone</a>","@_FireMonkey Iâ€™ve been playing since downtime, took a break in between, maybe some later today. All for a total of 12 hours, and iâ€™m level 12. I will agree with the xp situation, and last season, i got 25 levels in 1 day. without buying the bundle"
sijaewmin,2022-06-05 23:59:59+00:00,0,"<a href=""http://twitter.com/download/android"" rel=""nofollow"">Twitter for Android</a>","@nnakeyy Happy haechan day ğŸ¤

#23SummerswithHaechan 
#ë™í˜ì•„_ìŠ¤ë¬¼ì…‹_í•´ì°¬ì´ë¥¼_ì˜ë¶€íƒí•´
#HAPPYHAECHANDAY"
aussiesgf,2022-06-05 23:59:59+00:00,0,"<a href=""http://twitter.com/download/android"" rel=""nofollow"">Twitter for Android</a>",this is the day :((( good luck to all of us! huli na 'to kaya kayang kaya na 'to!
SignsofEndTimes,2022-06-06 23:59:59+00:00,0,"<a href=""https://mobile.twitter.com"" rel=""nofollow"">Twitter Web App</a>","Russiaâ€™s economy is falling apart and â€œtime is working against Russiaâ€ and its president, Vladimir Putin, a top German official said Thursday. German Vice Chancellor Robert Habeck made the remarks the same day Russian officials revealed that five more generals had been fired."
hamjjinniejin,2022-06-06 23:59:59+00:00,7,"<a href=""http://twitter.com/download/android"" rel=""nofollow"">Twitter for Android</a>","@wolmoon07 @seokjin_1204Hz @BTS_twt Hi Sierraâ™¡
Have a good dayğŸ’•ğŸ’•

TRUE VISUAL CENTER JIN
ALWAYS BY YOUR SIDE JIN 

#Yours_Jin #Supertuna_Jin #Moon_Bts #JIN #ë°©íƒ„ì†Œë…„ë‹¨ì§„ @BTS_twt https://t.co/A5guFv4iME"
SnowingEmperor,2022-06-06 23:59:59+00:00,2,"<a href=""https://mobile.twitter.com"" rel=""nofollow"">Twitter Web App</a>",@shinlumi take it one day at a time you got disssssss
stallseok,2022-06-06 23:59:58+00:00,0,"<a href=""http://twitter.com/download/iphone"" rel=""nofollow"">Twitter for iPhone</a>",@S0LJNA we only talk about amber and occasionally some kawpawp group back in my day we talk about glee! https://t.co/rh76Q2y2AT
nirnnala,2022-06-06 23:59:58+00:00,0,"<a href=""http://twitter.com/download/android"" rel=""nofollow"">Twitter for Android</a>","@anticlingy Don't skip ur bfast, have a good day"
demorality,2022-06-06 23:59:58+00:00,0,"<a href=""http://twitter.com/download/iphone"" rel=""nofollow"">Twitter for iPhone</a>",he did have it. for a day ğŸ˜’
TurfTalentNFT,2022-06-06 23:59:58+00:00,7,"<a href=""http://twitter.com/download/iphone"" rel=""nofollow"">Twitter for iPhone</a>","Itâ€™s a ğŸ”¥ğŸ”¥GIVEAWAYğŸ”¥ğŸ”¥ kinda day. 

Head to our discord to win a free Turf Talent mint ğŸ‘€

https://t.co/u3tpzbINg4 https://t.co/nk2f5Nkpl5"
oyinxx_,2022-06-06 23:59:58+00:00,0,"<a href=""http://twitter.com/download/iphone"" rel=""nofollow"">Twitter for iPhone</a>",this is me on a normal dayâ€¦i donâ€™t own a single gownğŸ˜­
OK20XX,2022-06-06 23:59:58+00:00,0,"<a href=""http://twitter.com/download/iphone"" rel=""nofollow"">Twitter for iPhone</a>","Yo @Xbox @xboxuk @XboxP3 @Microsoft @MicrosoftStore @Windows Idk who but the Xbox Wireless Headset needs a revision because the mic quality isnâ€™t great
Make a series 2 like yâ€™all controller and itâ€™s a day 1 cop for me
Itâ€™s literal pain to have to refund such a comfortable headset"
Ntokaa_,2022-06-06 23:59:58+00:00,0,"<a href=""http://twitter.com/download/android"" rel=""nofollow"">Twitter for Android</a>",@cnr1x_ Hi cnr1x how your day been
echanjune,2022-06-06 23:59:58+00:00,0,"<a href=""http://twitter.com/download/android"" rel=""nofollow"">Twitter for Android</a>","@dvyytm hv a nice day pa,dont skip your breakfast!"
Mungming34,2022-06-07 23:59:59+00:00,0,"<a href=""http://twitter.com/download/iphone"" rel=""nofollow"">Twitter for iPhone</a>","@SupportForMT @marktuan @dnaofficial @GOT7 Have A Good  Day Mark Tuan â¤ï¸
@marktuanâ€‹ #MarkTuan #ë§ˆí¬Â Â Â Â Â Â Â Â Â 
#æ®µå®œæ© @dnaofficial #MARKÂ Â Â Â Â Â Â Â Â 
#IGOT7Â Â Â Â Â Â Â Â #ê°“ì„¸ë¸Â Â Â Â Â Â Â @GOT7 #GOT7"
yejillovs,2022-06-07 23:59:59+00:00,0,"<a href=""http://twitter.com/download/android"" rel=""nofollow"">Twitter for Android</a>","@jshwonnie don't forget to have breakfast, have a nice day!"
AkibaKevin,2022-06-07 23:59:59+00:00,1,"<a href=""https://mobile.twitter.com"" rel=""nofollow"">Twitter Web App</a>","@kyon5815 Happy you got home safely, I think it is morning for you now, so Good Morning ğŸŒ¹ğŸ˜˜
I hope you will have a wonderful day, please take very good care and get some rest ğŸ’•ğŸ¤—"
00line600,2022-06-07 23:59:59+00:00,0,"<a href=""http://twitter.com/download/iphone"" rel=""nofollow"">Twitter for iPhone</a>",@brocksluts Morning isam have a great day
camcantrun,2022-06-07 23:59:59+00:00,1,"<a href=""https://mobile.twitter.com"" rel=""nofollow"">Twitter Web App</a>","Day 4 ELDEN NOOB

https://t.co/lOndrknBzs https://t.co/xFfAyFJcwZ"
Mayyoubackoff,2022-06-07 23:59:59+00:00,0,"<a href=""http://twitter.com/download/iphone"" rel=""nofollow"">Twitter for iPhone</a>",That running up the hill from episode four has been stuck in my head all day
sumeetsonii,2022-06-07 23:59:59+00:00,0,"<a href=""http://twitter.com/download/android"" rel=""nofollow"">Twitter for Android</a>",Indian railways has never be on time  on any single particular day.
aeouszc,2022-06-07 23:59:59+00:00,0,"<a href=""http://twitter.com/download/iphone"" rel=""nofollow"">Twitter for iPhone</a>",@_monkeybabyyy good morning ! have a nice day
ASuddenSilence,2022-06-07 23:59:59+00:00,1,"<a href=""http://twitter.com/download/android"" rel=""nofollow"">Twitter for Android</a>","@Mikeyvanb ""It Can't Rain All The Time"" by Jane Siberry still gives me goosebumps to this day ğŸ˜©ğŸ”¥"
__JiNKooK___,2022-06-07 23:59:59+00:00,0,"<a href=""http://twitter.com/download/android"" rel=""nofollow"">Twitter for Android</a>","@lelebtslove Spring Day 

I vote for #MTVLAKPOPBTS #MTVLAHITMYUNIVERSE at this year's #PremiosMTVMIAW"
ReputationBLD,2022-06-07 23:59:59+00:00,2,"<a href=""https://mobile.twitter.com"" rel=""nofollow"">Twitter Web App</a>","@livehiped Some days you need that manufactured energy...that late afternoon cold brew coffee is hitting hard and energy is HIGH! LFR!

Hope your day is going great brother ğŸ™Œ"
JackieDonnie6,2022-06-08 23:59:59+00:00,0,"<a href=""https://staging.hootsuite.com"" rel=""nofollow"">HootSuite Staging</a>",https://t.co/seID9SW9MY (Jun 08 11 59 59)s are the most interesting time of the day! Maybe?
Nattie423,2022-06-08 23:59:59+00:00,18,"<a href=""http://twitter.com/download/iphone"" rel=""nofollow"">Twitter for iPhone</a>","Good morning Nattieâ˜€ï¸â¤
I will work hard for Nattie today tooğŸ’—ğŸ’œ
Good luck with your training!
Have a wonderful dayğŸ’—
ğŸ’—@NatbyNature ğŸ’— https://t.co/IiRaud2rYI"
archvfksn,2022-06-08 23:59:59+00:00,0,"<a href=""https://mobile.twitter.com"" rel=""nofollow"">Twitter Web App</a>","@lhsprk_ morning ae, have a nice day"
Charrlless,2022-06-08 23:59:59+00:00,0,"<a href=""http://twitter.com/download/iphone"" rel=""nofollow"">Twitter for iPhone</a>","WIN an 8-day Gems of the Arabian Peninsula Luxury Yacht Cruise for two, including flights! Prize valued at $20,000 https://t.co/TupEm67rQR"
bj_valentine,2022-06-08 23:59:59+00:00,0,"<a href=""http://twitter.com/download/android"" rel=""nofollow"">Twitter for Android</a>",look at this fucking picture. look at it. just marvel at it. ive been thinking about it every day since it was posted. he looks very very very very skrunky dunkly here. i think he is ravishing. 20/10 https://t.co/1yeKcqR9yj
AnnieFisherSTEM,2022-06-08 23:59:58+00:00,8,"<a href=""http://twitter.com/download/iphone"" rel=""nofollow"">Twitter for iPhone</a>",Itâ€™s a beautiful day for a #stemsnapshot ğŸ¤£ğŸ‘ğŸ» HUGE shout out to our PTO for our awesome #stemswag !! We love our AFStem polo shirts from teacher appreciation week! #PTOgoals #stemstrong #stemstyle @Hughes33Willie @msboratko @MrRichT1P @HartfordSuper @Hartford_Public https://t.co/IqGIeTXmtG
Aezreil,2022-06-08 23:59:58+00:00,1,"<a href=""https://mobile.twitter.com"" rel=""nofollow"">Twitter Web App</a>","@CSurvivor9 Best Tweet of the day!  OMG, I'm dying."
hejdicbd,2022-06-08 23:59:58+00:00,0,"<a href=""http://twitter.com/download/android"" rel=""nofollow"">Twitter for Android</a>","@Diggsyograve @Excvel @FaZeVirus I don't see straight people protesting every fucking day just like all the flags, I dont see football players like Messi and Ronaldo come out as straight yet I've seen fags protesting and players like cavallo come out as ""gay"""
_melioxox_,2022-06-08 23:59:58+00:00,0,"<a href=""http://twitter.com/download/iphone"" rel=""nofollow"">Twitter for iPhone</a>",I cringe at past events 4x - 10x a day ğŸ˜‚
stjovite_,2022-06-08 23:59:58+00:00,30,"<a href=""https://mobile.twitter.com"" rel=""nofollow"">Twitter Web App</a>","#30DaysofPowerPop Day 9
Pretty tune with guitarist Bill Nelson channeling his inner Robin Trower ğŸ¸âœ¨
https://t.co/vpJ0Yq6tLl https://t.co/jbULMzPTMb"
jessicascience,2022-06-08 23:59:58+00:00,3,"<a href=""http://twitter.com/download/iphone"" rel=""nofollow"">Twitter for iPhone</a>",no better way to spend my last day than to finally getting around to trying @SegoviaCoffee with one of my favourite people! https://t.co/cLU8MqQEei
madg27ny1,2022-06-09 23:59:59+00:00,0,"<a href=""http://twitter.com/download/android"" rel=""nofollow"">Twitter for Android</a>",@CrossFitGoddess Hi Lindsey. Have a wonderful day ğŸ˜Š
crymsonbat,2022-06-09 23:59:59+00:00,0,"<a href=""http://twitter.com/download/iphone"" rel=""nofollow"">Twitter for iPhone</a>",@StephenKing Crazy teenager is the word of the day. Fix the crazy. Guns donâ€™t use themselves. He could have used a machete instead and the results could have b en the same.
JJWWDaya,2022-06-09 23:59:59+00:00,0,"<a href=""http://twitter.com/download/iphone"" rel=""nofollow"">Twitter for iPhone</a>",The main thing I wanted to see after S6 was Schmidt &amp; Ceceâ€™s pregnancy. Robbed of seeing Schmidt on the day their kid was born was rude ğŸ¥¹
becki_cook,2022-06-09 23:59:59+00:00,1,"<a href=""http://twitter.com/download/iphone"" rel=""nofollow"">Twitter for iPhone</a>",Ready for day two!
HeroJamesLynch,2022-06-09 23:59:59+00:00,1,"<a href=""http://twitter.com/download/android"" rel=""nofollow"">Twitter for Android</a>","@TheWritingCom @AraeAnduril Joe leaves class one day and meets the girl of his dreams, only she's an operative of the Kaian Star Empire sent to bring him home to take the throne.

A fun, fast-paced space opera told with heart and humor.

https://t.co/Pg7KH5RXec"
DAMN_GENA,2022-06-09 23:59:58+00:00,2,"<a href=""https://mobile.twitter.com"" rel=""nofollow"">Twitter Web App</a>",Who wanna do a 3 day juice cleanse with me?
dinoscheekmoles,2022-06-09 23:59:58+00:00,23,"<a href=""http://twitter.com/download/android"" rel=""nofollow"">Twitter for Android</a>","A cute little moodboard for #JUNHUI to celebrate his birthday!
Show your results and share ^^ğŸ±

HAPPY MOON JUNHUI DAY!
#MOONì—ê²Œ_ì¤€íœ˜ìƒì¼ì¶•í•˜ê°€_ë‹¿ê¸°ë¥¼ 
#BrightestMoonJUNHUIDAY
#JUN #JUNHUIN #ì¤€ #ì„¸ë¸í‹´ #SEVENTEEN @pledis_17 https://t.co/ZeE3KIqkbj"
swampudlian,2022-06-09 23:59:58+00:00,1,"<a href=""http://twitter.com/download/android"" rel=""nofollow"">Twitter for Android</a>","When I first got to this train station, it said my train would be 46 minutes late. They cut that to just 23 minutes by time they got here. Which makes me wonder, can it be that fast every day?"
QuickerMcWild,2022-06-09 23:59:58+00:00,2,"<a href=""http://twitter.com/download/iphone"" rel=""nofollow"">Twitter for iPhone</a>","The way I see it, I have anywhere from 1 day to 10 years of skateboarding left in me and Iâ€™m going to make the most of it.

Iâ€™m going to have a good time on this early Fatherâ€™s Day present! And hopefully Maddie will ride it someday too ğŸ˜ https://t.co/NAsKSoED5s"
kanlayapo1,2022-06-09 23:59:58+00:00,77,"<a href=""http://twitter.com/download/iphone"" rel=""nofollow"">Twitter for iPhone</a>","à¸¡à¸­à¸™à¸´à¹ˆà¸‡à¸¢à¸²à¸¡à¹€à¸Šà¹‰à¸² Skrrt Skrrt day ğŸ’š
Morning10 BAMBAM 
#WheelsUp #SlowMo #WhoAreYou #ë±€ë±€Â Â  #BamBamÂ Â  @BamBam1A @BAMBAMxABYSS #GOT7Â Â  @GOT7"
piconewgrounds,2022-06-09 23:59:58+00:00,0,"<a href=""https://mobile.twitter.com"" rel=""nofollow"">Twitter Web App</a>","@CNinja104 @whatthefuck759 anyways while i think it's funny that you kept replying this long, i have stuff outside of trolling on twitter to do

thank you for the laughs, and i hope you have a good day man"
tatterededge,2022-06-10 23:59:59+00:00,2,"<a href=""http://twitter.com/#!/download/ipad"" rel=""nofollow"">Twitter for iPad</a>","@krebs_claudia @Kriota It is! It jumped out at me at the bookstore one day &amp; I had to have it. When I was 5, I wanted to be a forensic pathologists or a forensic artist. (Yes, I know thatâ€™s an odd thing for a 5 year old girl to want. I watched a lot of Quincy, ME.)"
nykam_,2022-06-10 23:59:59+00:00,0,"<a href=""http://twitter.com/download/iphone"" rel=""nofollow"">Twitter for iPhone</a>",Itâ€™s essential to sit in the car for about 15min after work before going in the house .. donâ€™t bring a work day in your place of peace ğŸ™…ğŸ¾â€â™€ï¸
AceOfTheIndies,2022-06-10 23:59:59+00:00,16,"<a href=""http://twitter.com/download/android"" rel=""nofollow"">Twitter for Android</a>","Another day, another meet and greet at @TheWrestlingUni. We met @jmehytr tonight. https://t.co/apilkP5uJv"
upperwestbruin,2022-06-10 23:59:59+00:00,0,"<a href=""http://tapbots.com/tweetbot"" rel=""nofollow"">Tweetbot for iÎŸS</a>",@TamOlson @alexbward @stephenfhayes The actual speech which ended â€œgo home with love and peace. Remember this day forever.â€
Dooski22_,2022-06-10 23:59:59+00:00,0,"<a href=""https://mobile.twitter.com"" rel=""nofollow"">Twitter Web App</a>","@22lexi_ @pokimanelol obviously someone pooped in the sink, and you're just unclogging it. You're a modern day hero."
TradeForOpp,2022-06-10 23:59:59+00:00,2,"<a href=""http://twitter.com/download/iphone"" rel=""nofollow"">Twitter for iPhone</a>","@rp_futes I used to use it a bunch but not recently, at least with day trading. Iâ€™ve seen some things from @DemonBruv, Iâ€™ll have to take a look"
MainLineToday,2022-06-10 23:59:59+00:00,0,"<a href=""http://www.hubspot.com/"" rel=""nofollow"">HubSpot</a>","Ready to plan your big day? Our comprehensive guide has everything from florists and planners to photographers and venues to make your Main Line wedding unforgettable.

https://t.co/afNCxQnfIu"
aoi_sora_phsik,2022-06-10 23:59:59+00:00,8,"<a href=""https://mobile.twitter.com"" rel=""nofollow"">Twitter Web App</a>","ãŠã¯ã‚ˆã†ã”ã–ã„ã¾ã™ã€‚
ä»Šæ—¥ã¯é€šé™¢dayï¼ˆå­ä¾›ãŸã¡ï¼‰
çœ¼ç§‘çœ¼ç§‘çœ¼ç§‘è€³é¼»ç§‘æ•´å½¢å¤–ç§‘ã§ã™ğŸ˜‘"
Melissa68936284,2022-06-10 23:59:59+00:00,4,"<a href=""http://twitter.com/download/android"" rel=""nofollow"">Twitter for Android</a>",@cafreeland @OECD @imf_news You missed April fools Day by a couple of months.  ğŸ¤¯
somekindofavery,2022-06-10 23:59:59+00:00,15,"<a href=""http://twitter.com/download/iphone"" rel=""nofollow"">Twitter for iPhone</a>",day 12 https://t.co/wQCwegQGgL
jnkyloml,2022-06-10 23:59:59+00:00,0,"<a href=""http://twitter.com/download/android"" rel=""nofollow"">Twitter for Android</a>","@milkyboy_hoon have a great day, janlup sarapan!"
folkIauv,2022-06-11 23:59:59+00:00,2,"<a href=""http://twitter.com/download/iphone"" rel=""nofollow"">Twitter for iPhone</a>","The world moves on, another day another DRAMA DRAMA
But not for me, not for me, all I think about is KARMA https://t.co/sthM8DPMep"
ThatPersian,2022-06-11 23:59:59+00:00,1,"<a href=""http://twitter.com/download/iphone"" rel=""nofollow"">Twitter for iPhone</a>","Great day for Ronaldo holdersâ€¦

#Footballindex"
sonyalee9,2022-06-11 23:59:59+00:00,0,"<a href=""https://mobile.twitter.com"" rel=""nofollow"">Twitter Web App</a>",@blowdart All day every day.
BumWineBob,2022-06-11 23:59:59+00:00,0,"<a href=""https://untappd.com"" rel=""nofollow"">Untappd</a>",I just earned the 'International Axe Throwing Day (2022) sponsored by WATL' badge on @untappd! https://t.co/00H10F92uU #axethrowing #worldaxethrowingleague #WATL
BrenMcKay1,2022-06-11 23:59:59+00:00,0,"<a href=""http://twitter.com/download/android"" rel=""nofollow"">Twitter for Android</a>",@TexasTribune What freakin' lives did he save that day? They all died!!!
rusermemeking,2022-06-11 23:59:59+00:00,2,"<a href=""http://twitter.com/#!/download/ipad"" rel=""nofollow"">Twitter for iPad</a>",Happy Philippines Independence Day to all my Filipino followers out there ğŸ‡µğŸ‡­
seedyscribe,2022-06-11 23:59:59+00:00,199,"<a href=""https://mobile.twitter.com"" rel=""nofollow"">Twitter Web App</a>","Holy smokes, I've been gone all day and this thing blew the hell up.

I can't possibly answer everyone, but fwiw, I share in the concern about the validity/amount of threats, but one threat is one too many. Yes, AH is a liar and is manipulative af and steals stories."
Pimpernell13,2022-06-11 23:59:59+00:00,6,"<a href=""https://mobile.twitter.com"" rel=""nofollow"">Twitter Web App</a>",Hereâ€™s another one from the same author the same day https://t.co/O5AeeRTufK
burgner1_b,2022-06-11 23:59:59+00:00,0,"<a href=""https://untappd.com"" rel=""nofollow"">Untappd</a>",I just earned the 'International Axe Throwing Day (2022) sponsored by WATL' badge on @untappd! https://t.co/3fg1moQUeQ #axethrowing #worldaxethrowingleague #WATL
lanying24113338,2022-06-11 23:59:59+00:00,0,"<a href=""https://mobile.twitter.com"" rel=""nofollow"">Twitter Web App</a>",TRONâ€™s â€˜Independence Dayâ€™: Tenth Largest Cryptoâ€™s Mainnet Activated . The tenth largest cryptocurrency TRON has moved to its mainnet following a month-long migration to its independent public blockchain.
JasonGi37909786,2022-06-11 23:59:59+00:00,2,"<a href=""http://twitter.com/download/android"" rel=""nofollow"">Twitter for Android</a>","@TDeath21 @FoxNews Ban Trucks Now!!! Sue truck manufacturers now!!! At the very least we need to impose regulations on the purchase of trucks. Universal background check, 10 day waiting period to purchase a truck!"
TallgirlBigcity,2022-06-12 23:59:59+00:00,1,"<a href=""https://mobile.twitter.com"" rel=""nofollow"">Twitter Web App</a>",@conrad_hotdish If not for the rainbow flags you could've told me this was just circus day at an elementary school
KyleFederline,2022-06-12 23:59:59+00:00,2,"<a href=""http://twitter.com/download/iphone"" rel=""nofollow"">Twitter for iPhone</a>",Me watching Todd Howard &amp; Phil Spencer present stuff in the same day. @Xbox @Microsoft @XboxGamePass #XboxBethesda #XboxGamePass https://t.co/P2tv40umTE
TrHailee,2022-06-12 23:59:59+00:00,19,"<a href=""https://mobile.twitter.com"" rel=""nofollow"">Twitter Web App</a>","if dreams come true
I used to see you every day 
Hailee Steinfeld â¤ï¸

#Day924 https://t.co/OsTg1TO16B"
summerray615,2022-06-12 23:59:59+00:00,0,"<a href=""http://twitter.com/download/iphone"" rel=""nofollow"">Twitter for iPhone</a>",@Enash615 ğŸ˜…ğŸ˜…ğŸ¤£ not trash bags. Let make it happen one day soon!
lilmahnaji,2022-06-12 23:59:59+00:00,9,"<a href=""http://twitter.com/download/iphone"" rel=""nofollow"">Twitter for iPhone</a>","Last day to submit pieces for our architecture, cityscape, rooftopping, and aerial NFT gallery is Monday!!"
bnzour,2022-06-12 23:59:59+00:00,0,"<a href=""http://twitter.com/#!/download/ipad"" rel=""nofollow"">Twitter for iPad</a>","@sheruiff wkwk gemoi, have a great day"
SwaggyQee,2022-06-12 23:59:59+00:00,0,"<a href=""http://twitter.com/download/iphone"" rel=""nofollow"">Twitter for iPhone</a>",Yk Iâ€™m pouring up for you tonight nd all day tomorrow
facingsuns,2022-06-12 23:59:59+00:00,676,"<a href=""https://mobile.twitter.com"" rel=""nofollow"">Twitter Web App</a>",the tiger he destroyed his cage yes YES the tiger is out. happy horanghae day https://t.co/hvwiXCy2bk
kkaassiopeiaa,2022-06-12 23:59:58+00:00,1,"<a href=""http://twitter.com/download/android"" rel=""nofollow"">Twitter for Android</a>",@noranur__ Have a blessed day norağŸŒ
BTheozz,2022-06-12 23:59:58+00:00,1,"<a href=""http://twitter.com/download/android"" rel=""nofollow"">Twitter for Android</a>","@gamblerca I posted the other day the question.... If a pilot did become affected while working,  would the public ever  know? Then it's the co-pilots job. ğŸ¤”"
AkibaKevin,2022-06-12 23:59:58+00:00,1,"<a href=""https://mobile.twitter.com"" rel=""nofollow"">Twitter Web App</a>","@aya_moritake Good Morning ğŸŒ¹ğŸ˜˜

I hope you will have a wonderful day, please take care Thank You â¤ï¸ğŸ¤—ğŸ˜"
LitCraft_io,2022-06-13 23:59:59+00:00,33,"<a href=""http://www.hubspot.com/"" rel=""nofollow"">HubSpot</a>",Itâ€™s not too late to get your dad a one-of-a-kind LitSquad collectible just in time for Fatherâ€™s Day! Check out the collection at https://t.co/NReyRu0zjg on GlassBlock Marketplace! #fathersday #nft #crypto #blockchain https://t.co/gaGAmXOK2O
rolypoly97,2022-06-13 23:59:59+00:00,18,"<a href=""http://twitter.com/download/iphone"" rel=""nofollow"">Twitter for iPhone</a>",@namkookscumdump Oohhh mega secret relationship vibes between president namjoon and bar singer jungkook that he bumped into one day when he ran away from the blue house because he needed a break and just wanted to be â€˜a normal personâ€™ for a few hours
gi21342,2022-06-13 23:59:59+00:00,1,"<a href=""http://twitter.com/download/iphone"" rel=""nofollow"">Twitter for iPhone</a>",Tomorrow is my last day of freshman year in high school Iâ€™m so excited!!!!
Sisypuss_,2022-06-13 23:59:59+00:00,0,"<a href=""https://mobile.twitter.com"" rel=""nofollow"">Twitter Web App</a>",Can we please all lie down for ONE DAY to see its effect on the Earth's rotation? Please!?
dtheavenger,2022-06-13 23:59:59+00:00,5,"<a href=""http://twitter.com/download/iphone"" rel=""nofollow"">Twitter for iPhone</a>",@LilyPotter130 @AdamParkhomenko @meridithmcgraw Today was a really difficult day watching the hearings because it was so much of him
MainLineToday,2022-06-13 23:59:59+00:00,2,"<a href=""http://www.hubspot.com/"" rel=""nofollow"">HubSpot</a>","Calling all nature lovers, shopping gurus and foodies! Take a day trip to Wayne with our step-by-step day guide below. ğŸ¤©
@NudysCafe @WayneArtCenter @RadnorHotel

https://t.co/30ksY6sR3g"
txflyboy28,2022-06-13 23:59:59+00:00,0,"<a href=""https://untappd.com"" rel=""nofollow"">Untappd</a>",I just earned the 'International Axe Throwing Day (2022) sponsored by WATL' badge on @untappd! https://t.co/TFGMzIw1Es #axethrowing #worldaxethrowingleague #WATL
ThinkAboutHeli,2022-06-13 23:59:59+00:00,1,"<a href=""http://twitter.com/download/android"" rel=""nofollow"">Twitter for Android</a>",@shnkyv don't skip meals and stay hydrated OK !!! have a nice day ahead Love U ğŸ‘©ğŸ»â€â¤ï¸â€ğŸ’‹â€ğŸ‘©ğŸ»
GodzillaMendoza,2022-06-13 23:59:59+00:00,183,"<a href=""https://mobile.twitter.com"" rel=""nofollow"">Twitter Web App</a>",Mid day bump! I found one of the rarest toys every produced in perfect condition in its original box and it's for sale on my ebay now so if you're a serious collector looking for the GI Joe Defiant Shuttle Complex then hit us up with an offer at the link below! https://t.co/QsmbkOVSB3
UABODEI,2022-06-13 23:59:58+00:00,0,"<a href=""https://mobile.twitter.com"" rel=""nofollow"">Twitter Web App</a>","@UABODEI is celebrating #BlackMusicMonth with a 7-day music challenge! Share your favorite artists and songs each day Post on your story and tag us with #ODEIBMM7DAYCHALLENGE! 

For todayâ€™s challenge, post a song by your favorite Black female artist. https://t.co/3Pja61cH13"
shantinique,2022-06-13 23:59:58+00:00,0,"<a href=""http://twitter.com/download/iphone"" rel=""nofollow"">Twitter for iPhone</a>",Father day weekend  https://t.co/0xjIAzTmxh
rileymacdonaldx,2022-06-14 23:59:59+00:00,0,"<a href=""http://twitter.com/download/android"" rel=""nofollow"">Twitter for Android</a>","@LuisRCamarillo1 Awwww, good morning! I hope you have a lovely day, xx"
yoongi201010,2022-06-14 23:59:59+00:00,1,"<a href=""http://twitter.com/download/android"" rel=""nofollow"">Twitter for Android</a>","even after an emotionally draining day like todayâ€™s was, I can't fall asleep. 6am soon fml"
PrimeLBJ,2022-06-14 23:59:59+00:00,1,"<a href=""http://twitter.com/download/iphone"" rel=""nofollow"">Twitter for iPhone</a>","@TheBg_12 He was cooked before he got here, he better thank AD every day for that ridiculous contract lmfao"
hohochambubble,2022-06-14 23:59:59+00:00,2,"<a href=""https://mobile.twitter.com"" rel=""nofollow"">Twitter Web App</a>","HAPPY HOSHI DAY ğŸ¯ğŸ’™âœ¨

#í˜¸ì‹œ_ìƒì¼ì´ˆì—_ë¶ˆë¶™ì—¬ë¼_ì•„ì£¼ëœ¨ê²ê²Œ
#HorangiPowerHoshiDay 
@pledis_17 ğŸ’ https://t.co/1zoWrADTui"
TsEndereBrine,2022-06-14 23:59:59+00:00,1,"<a href=""https://mobile.twitter.com"" rel=""nofollow"">Twitter Web App</a>",@mikenekovaccine lov bed. i could lay in it all day
ladydyla__,2022-06-14 23:59:59+00:00,13,"<a href=""https://mobile.twitter.com"" rel=""nofollow"">Twitter Web App</a>","Order of Play - Day 2
15 June 2022 - R32

Ada perang saudara, perang pasangan cerai, perang otai, perang F4. Biasa-biasakanlah untuk disakiti ğŸ˜…All the best, fight on! #IndonesiaOpen2022 https://t.co/q4Q4iSyXvw"
pattmatt1966,2022-06-14 23:59:59+00:00,0,"<a href=""http://twitter.com/download/iphone"" rel=""nofollow"">Twitter for iPhone</a>","https://t.co/0mBeW1evFr

Playin Audio Father's Day LG TV Giveaway! Enter Now for Your Chance To Win a New LG TV! https://t.co/IkQiseCQnj"
maandanicole,2022-06-14 23:59:58+00:00,1,"<a href=""http://twitter.com/download/iphone"" rel=""nofollow"">Twitter for iPhone</a>",I just wanted to be with Greg all day today ğŸ¥±
trumplicans2024,2022-06-14 23:59:58+00:00,10,"<a href=""https://mobile.twitter.com"" rel=""nofollow"">Twitter Web App</a>",Flag Day 2022... https://t.co/XbHAHoMSyZ
1crvt,2022-06-14 23:59:58+00:00,0,"<a href=""http://twitter.com/download/iphone"" rel=""nofollow"">Twitter for iPhone</a>",actually i have appointment today so maybe its not the best day in my life
stomfischer,2022-06-14 23:59:58+00:00,0,"<a href=""https://periscope.tv"" rel=""nofollow"">Periscope</a>",National Bourbon Day Live Tasting https://t.co/kRxYLMcCZ0
blasiian_b,2022-06-15 23:59:59+00:00,0,"<a href=""http://twitter.com/download/iphone"" rel=""nofollow"">Twitter for iPhone</a>","Yessss , like I Kant wait extra day me plssss ğŸ˜ğŸ¤¤"
stowrii,2022-06-15 23:59:59+00:00,0,"<a href=""http://twitter.com/download/android"" rel=""nofollow"">Twitter for Android</a>",@lafairlytale have a nice day and don't skip ur breakfast
aa_designz,2022-06-15 23:59:59+00:00,0,"<a href=""https://ifttt.com"" rel=""nofollow"">IFTTT</a>","Another day! It's June 15, 2022 at 01:59PM"
bobbyegg7,2022-06-15 23:59:59+00:00,1,"<a href=""http://twitter.com/download/iphone"" rel=""nofollow"">Twitter for iPhone</a>",@Dial_adrink And itâ€™s only day one https://t.co/ezTFfbyPZg
simunch1,2022-06-15 23:59:59+00:00,7,"<a href=""https://mobile.twitter.com"" rel=""nofollow"">Twitter Web App</a>","@SallyMi83941850 @GOV2UK Don't forget to put your Tories out on the street! ğŸ‘ğŸš®
Thursday 23rd June 2022 is Bin Day!

âš«ï¸Pirates Ahoy!âš«ï¸
âš”ï¸#JohnsonOut143ğŸ¦œ#Vote23rdJuneğŸ´â€â˜ ï¸
ğŸª#JohnsonOutâš“ï¸#ToriesOutNowğŸ”±#SaveOurDemocracy â˜ ï¸

Should really be a bright yellow medical waste wheelie bin to put Toxic Tories in!"
arya_dalal,2022-06-15 23:59:59+00:00,0,"<a href=""http://twitter.com/download/android"" rel=""nofollow"">Twitter for Android</a>","@rahultewatia02 bro don't worry . We know the value of you , one day Indian jersey will be in your room . Hard work always pays off . You deserve to be there."
__iris13,2022-06-15 23:59:59+00:00,18,"<a href=""http://twitter.com/download/iphone"" rel=""nofollow"">Twitter for iPhone</a>","I WANNA STAY WITH YOU JIMIN 

Your day will be even better if you listen to #WithYou by #JIMIN #BTSJIMIN of #BTSÂ Â  (@BTS_twt) and Sungwoon https://t.co/URvTk2Xe0Y"
MKnightSpector_,2022-06-15 23:59:58+00:00,0,"<a href=""http://twitter.com/download/iphone"" rel=""nofollow"">Twitter for iPhone</a>","@_LittleScarab_ â€œYou do? Well youâ€™ll need to most definitely wear it for me again one day, I know you would look just as gorgeous as you did beforeâ€"
Litglenqcom,2022-06-15 23:59:58+00:00,2,"<a href=""http://twitter.com/download/iphone"" rel=""nofollow"">Twitter for iPhone</a>",@Kristyann39 Who is trying to rename Fatherâ€™s Day
bensfade2,2022-06-15 23:59:58+00:00,0,"<a href=""http://twitter.com/download/iphone"" rel=""nofollow"">Twitter for iPhone</a>",Just like that my day is ruined -_-
TTouretteCBITF,2022-06-15 23:59:58+00:00,0,"<a href=""https://mobile.twitter.com"" rel=""nofollow"">Twitter Web App</a>",Today is the last day of #TouretteSyndromeAwarenessMonth. This graphic from the #TouretteAssociationofAmerica encapsulates what it is like living with #tourettesyndrome. Tics may be visible and audible but that is just one layer of what living with Tourette Syndrome is like.
Woozjih,2022-06-16 23:59:59+00:00,1,"<a href=""http://twitter.com/download/android"" rel=""nofollow"">Twitter for Android</a>",@niki_jachingu Good morning po! Don't forget your meals and have a great day!ğŸ¤ğŸ’™
fairyyjhannie,2022-06-16 23:59:59+00:00,0,"<a href=""http://twitter.com/download/iphone"" rel=""nofollow"">Twitter for iPhone</a>",@licaani Have a nice day!! Jgn lupa sarapan yaa
springfLower14_,2022-06-16 23:59:59+00:00,0,"<a href=""http://twitter.com/download/android"" rel=""nofollow"">Twitter for Android</a>",I tend to accomodate both. May itinerary pero the last day would be to enjoy the hotel amenities.
88christina06,2022-06-16 23:59:59+00:00,1,"<a href=""http://twitter.com/download/iphone"" rel=""nofollow"">Twitter for iPhone</a>",@DocAtCDI @goofygoddess84 Not movie quotes but song lyrics. All day every day.
MR_OmniaVincit,2022-06-16 23:59:59+00:00,0,"<a href=""https://mobile.twitter.com"" rel=""nofollow"">Twitter Web App</a>","I'll keep that DND on all day, like it is now."
jtm612402,2022-06-16 23:59:58+00:00,1,"<a href=""http://twitter.com/download/iphone"" rel=""nofollow"">Twitter for iPhone</a>",@TraciBr50065806 @bennyjohnson @MayraFlores2022 All these people do all day long as sensor tweets they donâ€™t like that hurt their feelingsâ€¦ I cannot believe they get paid to do that absolutely disgusting. These people are the ones ruining our country
TabithaM1313,2022-06-16 23:59:58+00:00,0,"<a href=""http://twitter.com/download/iphone"" rel=""nofollow"">Twitter for iPhone</a>",Have a great evening day or afternoon where ever you are ğŸŒ» https://t.co/qSZcSITPTW
King_Gamer_1st,2022-06-16 23:59:58+00:00,0,"<a href=""https://mobile.twitter.com"" rel=""nofollow"">Twitter Web App</a>",What I'd give to see a clean-shaven Gabe Newell in current day
_prettyinpeach,2022-06-16 23:59:58+00:00,0,"<a href=""https://mobile.twitter.com"" rel=""nofollow"">Twitter Web App</a>",@MsPenguinx @Herboku1 ma'am how do you spend almost $900 in a day i-
Andrew63rob,2022-06-16 23:59:58+00:00,0,"<a href=""http://twitter.com/download/android"" rel=""nofollow"">Twitter for Android</a>",good morning everyone have a great day xxx
LuisVilla2001,2022-06-16 23:59:57+00:00,0,"<a href=""https://mobile.twitter.com"" rel=""nofollow"">Twitter Web App</a>","1 Una Sola America (Spanish Edition) by Luis E. Villa https://t.co/bjPUCnEiBx via @amazon

HAPPY FATHER'S DAY !

... regalele El Libro:

""1 Una Sola AmÃ©rica"" 

... a su Padre 

Cordialmente, 
Luis E Villa 
Autor del Libro:
""1 Una Sola AmÃ©rica"""
bennettstuff,2022-06-17 23:59:59+00:00,0,"<a href=""https://mobile.twitter.com"" rel=""nofollow"">Twitter Web App</a>","Free 3 Day Shipping.
A Store You Can Trust Right here in the USA.
Serving The Public For 21 Years.
Cremation Urn Pendant Stainless Steel Pendant Memorial Urn Necklace https://t.co/tZjxMHxF2G"
pmm32183,2022-06-17 23:59:59+00:00,4,"<a href=""http://twitter.com/download/android"" rel=""nofollow"">Twitter for Android</a>","Also, how they are aware that I'm doing the best that I can. I'm not looking for praise every day, but it's good to hear once in a while. I don't like asking for help b/c I feel like it shows I'm incapable of handling things. I woukd rather just do something myself."
arydominguez_,2022-06-17 23:59:59+00:00,0,"<a href=""http://twitter.com/download/iphone"" rel=""nofollow"">Twitter for iPhone</a>",The second I eat something after starving all day Iâ€™m a whole different person.
BaggzofMoneyy,2022-06-17 23:59:59+00:00,0,"<a href=""http://twitter.com/download/iphone"" rel=""nofollow"">Twitter for iPhone</a>","They made fun of Crystal Waters and Gypsy Women still get played to this day, along with her other bops"
fabrizioc40,2022-06-17 23:59:58+00:00,0,"<a href=""https://mobile.twitter.com"" rel=""nofollow"">Twitter Web App</a>","maybe peoples think that soldiers killed everyday are just numbers,1000 a day ! you should be proud of you Putin , look at what disgrace you made, what a carnage of human life, just for your ego . what if somebody do that to the Russian peoples? but of course Putin does not care."
arimq_,2022-06-17 23:59:58+00:00,0,"<a href=""http://twitter.com/download/iphone"" rel=""nofollow"">Twitter for iPhone</a>",@eighthhoekage SO ME. I told alyna this the other day and she was like â€œare you a fucking child?â€ğŸ’€
6onProjects,2022-06-17 23:59:58+00:00,12,"<a href=""https://mobile.twitter.com"" rel=""nofollow"">Twitter Web App</a>","âœ¨ã„ã‚ˆã„ã‚ˆé–‹å‚¬ â€MusicVket4â€ï½âœ¨
VSinger #éŸ³ç„¡ã‚€ãŠã‚“ å‡ºå±•ã‚¤ãƒ³ãƒ•ã‚©ğŸ‰

â–¼å±•ç¤ºã‚¹ãƒšãƒ¼ã‚¹ã“ã¡ã‚‰â–¼
Forteã€€Redã€€Fr-16

â–¼ãŠå“æ›¸ã
ã“ã‚“ãªæ™‚ä»£ã ã‹ã‚‰ã“ãéŸ³æ¥½ã®åŠ›ã§ã‚¢ã‚²ã¦ã“ã†ï¼
ğŸ”¥Die Another Day RAVE
https://t.co/al9LzHMfX5

 #MusicVket #MusicVket4 #MusV4ãŠå“æ›¸ã 
#VRChat #VketCloud #6onRAVE https://t.co/syB6pPyMrA"
Britti_Kitti,2022-06-17 23:59:58+00:00,0,"<a href=""http://twitter.com/download/iphone"" rel=""nofollow"">Twitter for iPhone</a>",Is it sad that getting money is the highlight of my day LOL
Flowery_Draws,2022-06-17 23:59:58+00:00,1,"<a href=""http://twitter.com/download/android"" rel=""nofollow"">Twitter for Android</a>","I want to take a day off because my throat, body, and my nose feel sick but, i have to go to the art club for the project-"
fmfagan,2022-06-17 23:59:57+00:00,0,"<a href=""http://twitter.com/download/iphone"" rel=""nofollow"">Twitter for iPhone</a>",@NurseChapel11 Evening Nurse Chapel. Iâ€™m not too bad after a somewhat challenging day. How are you? ğŸ™‹ğŸ»â€â™‚ï¸
LynnChastain2,2022-06-17 23:59:57+00:00,1,"<a href=""http://twitter.com/download/android"" rel=""nofollow"">Twitter for Android</a>",@kenGIFfey_jr I like dill. My mom made huge ones like 3 per jar. Back on the day.
NalaMonroe,2022-06-18 23:59:59+00:00,6,"<a href=""http://twitter.com/download/iphone"" rel=""nofollow"">Twitter for iPhone</a>",DLT has been 10 out of 10 every fucking day omg. Everyday has slapped differently!!!!!
AmericanStand3,2022-06-18 23:59:59+00:00,0,"<a href=""http://twitter.com/download/android"" rel=""nofollow"">Twitter for Android</a>",Tweet of the day!!
Trjman127,2022-06-18 23:59:59+00:00,7,"<a href=""http://twitter.com/download/iphone"" rel=""nofollow"">Twitter for iPhone</a>",@MotherCluckyou You can have my son for Fatherâ€™s Day!! The peace and quiet would be wonderful!
XG_1234567,2022-06-18 23:59:59+00:00,11,"<a href=""http://twitter.com/download/iphone"" rel=""nofollow"">Twitter for iPhone</a>","HINATAã‹ã‚‰ã©ã“ã«è¡ŒããŸã„ï¼ŸğŸˆâ€â¬›ğŸ¤ã£ã¦èã‹ã‚ŒãŸã®ã§ã€èˆ¹ã«ä¹—ã£ã¦XGã®ãƒ¡ãƒ³ãƒãƒ¼ãŒã„ã‚‹æ‰€ã«è¡ŒããŸã„ã§ã™â›´âš“ï¸â›´âš“ï¸
ãã‚Œã§JURINã«ãŠèª•ç”Ÿæ—¥ãŠã‚ã§ã¨ã†ğŸ‰
ã£ã¦ç›´æ¥è¨€ã„ãŸã„ã§ã™ğŸ¥°
JURINæ„›ã—ã¦ã‚‹ã‚ˆğŸ’–ğŸ’–ğŸ’–
ï¼ƒXG_JURIN_20thèª•ç”Ÿç¥­ã€€
#HappyBirthday_JURINã€€
#HAPPY_JURIN_DAY https://t.co/lEFHmoW2i6"
katterfly22,2022-06-18 23:59:59+00:00,2,"<a href=""http://twitter.com/download/iphone"" rel=""nofollow"">Twitter for iPhone</a>","I think Iâ€™m done w twt for the day ~

feel free to text me if you know my number"
acraftymom,2022-06-18 23:59:59+00:00,9,"<a href=""http://twitter.com/download/iphone"" rel=""nofollow"">Twitter for iPhone</a>",So proud of these girls!!! ğŸ¥° What a fabulous day!
imemilyemerald,2022-06-18 23:59:59+00:00,3,"<a href=""http://twitter.com/download/iphone"" rel=""nofollow"">Twitter for iPhone</a>","Please learn to take care of yourself. Give what your mind, body, and soul needs. Rest, exercise, and a good meditation sesh. A day for yourself to relax and be completely and comfortably in tune within yourself. I promise you youâ€™ll love it. ğŸ¤"
kanyesbabymoma,2022-06-18 23:59:59+00:00,1,"<a href=""http://twitter.com/download/iphone"" rel=""nofollow"">Twitter for iPhone</a>",The urge to unblock my toxic ex and wish him a happy Fatherâ€™s Day just to ruin his day ğŸ˜­
__als_,2022-06-18 23:59:59+00:00,0,"<a href=""http://twitter.com/download/iphone"" rel=""nofollow"">Twitter for iPhone</a>","If you have to tell the world every day that you did someone a favor, lol, you are better off not even doing the damn favor."
EarlAJMoriarty,2022-06-18 23:59:58+00:00,1,"<a href=""https://mobile.twitter.com"" rel=""nofollow"">Twitter Web App</a>","@JamesBondisKing ""I know. Even if you've gone rogue several occasions before, I knew I could still rely on you. Moran, no matter how much he complains, he'd listen to orders if he knew that's what the plan was. I should have just told you about the plan. If I were breaking any rules that day,"" +"
MissLoreleiLee,2022-06-18 23:59:58+00:00,29,"<a href=""http://twitter.com/download/android"" rel=""nofollow"">Twitter for Android</a>",happy daddies day to all the girls I've loved before
DreamSMPClips16,2022-06-19 23:59:59+00:00,0,"<a href=""http://twitter.com/download/iphone"" rel=""nofollow"">Twitter for iPhone</a>",@Ph1LzA Happy Fathers Day Phil!! â¤ï¸â¤ï¸
Day_foino,2022-06-19 23:59:59+00:00,1,"<a href=""http://twitter.com/download/iphone"" rel=""nofollow"">Twitter for iPhone</a>",24 AÃ‘OS!!??!! Ay Dios q vieja estoy ğŸ˜©
Ryan_Radio,2022-06-19 23:59:59+00:00,0,"<a href=""http://twitter.com/download/iphone"" rel=""nofollow"">Twitter for iPhone</a>","@HennDawg27 @TheChairmanTV @POTUS @WalkAndRollPod Yeah, I donâ€™t know, I mean he probably is upset Joe canâ€™t visit him for Fathers day and I can understand that"
BillSPACman,2022-06-19 23:59:59+00:00,3,"<a href=""http://twitter.com/download/iphone"" rel=""nofollow"">Twitter for iPhone</a>",@TikTokInvestors @tolstoybb How long are you researching every day tik?
sana_280541,2022-06-19 23:59:59+00:00,0,"<a href=""https://mobile.twitter.com"" rel=""nofollow"">Twitter Web App</a>","à¸—à¸¸à¸à¸§à¸±à¸™à¹€à¹€à¸¡à¹ˆà¸‡à¹‚à¸„à¸£à¸•à¸™à¹ˆà¸²à¹€à¸šà¸·à¹ˆà¸­à¹€à¹€à¸•à¹ˆà¸à¸­à¹€à¸«à¹‡à¸™à¸«à¸™à¸¸à¹€à¹€à¸¥à¹‰à¸§à¸—à¸¸à¸à¸§à¸±à¸™à¸à¹‡à¸”à¸¹à¸à¸´à¹€à¸¨à¸©à¸‚à¸¶à¹‰à¸™à¸¡à¸²à¹€à¸›à¹‡à¸™à¸à¸­à¸‡ à¸¡à¸²à¸¢à¸à¸³à¸¥à¸±à¸‡à¹ƒà¸ˆ 
Have a good day too!!ğŸ˜Šâ¤ï¸ https://t.co/fRq2mPefjj"
akayeety,2022-06-19 23:59:59+00:00,0,"<a href=""http://twitter.com/download/iphone"" rel=""nofollow"">Twitter for iPhone</a>",that toilet clogging will ruin yo whole day
kellyripacool23,2022-06-19 23:59:59+00:00,0,"<a href=""http://twitter.com/download/iphone"" rel=""nofollow"">Twitter for iPhone</a>",Hope that everyone had a wonderful day. God bless you all my friends.ğŸ˜‡ https://t.co/8W7KwkeQwJ
bratzshiho,2022-06-19 23:59:59+00:00,0,"<a href=""http://twitter.com/download/iphone"" rel=""nofollow"">Twitter for iPhone</a>",@noirshiho have a great day ha
TheLegend_AZ,2022-06-19 23:59:59+00:00,0,"<a href=""http://twitter.com/download/iphone"" rel=""nofollow"">Twitter for iPhone</a>",Must be a bad spam day.  Verizonâ€™s spam reporting system (7726) took nearly ten minutes  to respond.
tdogg34tx,2022-06-19 23:59:59+00:00,0,"<a href=""http://twitter.com/download/android"" rel=""nofollow"">Twitter for Android</a>",Happy Heavenly Father's Day to my dad. Happy Father's Day to all. https://t.co/yUIoeo0L7u
chile_pepper,2022-06-19 23:59:59+00:00,27,"<a href=""http://twitter.com/download/iphone"" rel=""nofollow"">Twitter for iPhone</a>","Weâ€™ve updated the cover art over at the @HabbyHour. Thanks as always to the work of @MarkTweetMark, whose support weâ€™ve been grateful for since Day 1!

#GoHabsGo https://t.co/y5zyOJvTpB"
LottieStark11,2022-06-20 23:59:59+00:00,0,"<a href=""http://twitter.com/download/android"" rel=""nofollow"">Twitter for Android</a>","@trax123 @BennieOwen1895 @429Jeoz No I'm not lost, I don't believe in the CDC they lied many times(but I'll not get into that) for my tastes. And I'm trying to peacefully end this conversation with you, may we please end it. As we are very differing in opinion that will not agree. Again I hope you have a good day"
ivycherries,2022-06-20 23:59:59+00:00,81,"<a href=""http://twitter.com/download/iphone"" rel=""nofollow"">Twitter for iPhone</a>","Another happy customer ğŸ¥²ğŸ’“ 

Happy Fatherâ€™s Day ğŸ™ğŸ¼ https://t.co/h0SVe9lCol"
revydude,2022-06-20 23:59:59+00:00,4,"<a href=""http://twitter.com/download/iphone"" rel=""nofollow"">Twitter for iPhone</a>",@tagnar @SWTheory66 @ImmortaISoldier At the end of the day people are responsible for their own actions. Unless he is literally inciting people to have such actions. Which he has never done so. Those people are responsible for their own emotions and actions. People wanna blame their issues on everyone else
simplynajaeminn,2022-06-20 23:59:59+00:00,0,"<a href=""http://twitter.com/download/android"" rel=""nofollow"">Twitter for Android</a>","@xxevzo have a great day, jangan lupa sarapan ya!"
alunaj7,2022-06-20 23:59:59+00:00,0,"<a href=""http://twitter.com/download/android"" rel=""nofollow"">Twitter for Android</a>",@LeslieAdami Telling you... its @LeslieAdami Appreciation Day in Corpus. 2nd vote for ğŸ!
lauzrel,2022-06-20 23:59:59+00:00,1,"<a href=""http://twitter.com/download/android"" rel=""nofollow"">Twitter for Android</a>","@piyakchn don't skip ur breakfast &amp; have a great day, ditha ğŸ‚ğŸŒ¸â•"
devONWUBIKO,2022-06-20 23:59:58+00:00,0,"<a href=""https://mobile.twitter.com"" rel=""nofollow"">Twitter Web App</a>","One thing I'd say for sure is that with each day that passes, my respect for established developers keeps on rising. It really is not an easy path, now I see why there is a significant difference between people that want to become developers and the ones that actually do."
bombassnik,2022-06-20 23:59:58+00:00,0,"<a href=""http://twitter.com/download/iphone"" rel=""nofollow"">Twitter for iPhone</a>",@bombassnik's account is temporarily unavailable because it violates the Twitter Media Policy. Learn more.
Jhsbassman,2022-06-20 23:59:58+00:00,1,"<a href=""https://mobile.twitter.com"" rel=""nofollow"">Twitter Web App</a>",@HoshiBoys_NSFW @FolsomEast Great meeting you and chatting with you later in the day. You looked absolutely adorable and it looked like you were thoroughly enjoying yourself ğŸ˜‰ğŸ˜ğŸ˜ˆ
hziemin,2022-06-20 23:59:58+00:00,0,"<a href=""http://twitter.com/download/android"" rel=""nofollow"">Twitter for Android</a>","@vtaeminkim Jangan lupa sarapan, have a great day &lt;3"
Pacifaxe,2022-06-20 23:59:58+00:00,1,"<a href=""http://twitter.com/download/android"" rel=""nofollow"">Twitter for Android</a>","@kWwuxCm2LUa90N0 Good morning Arc-san! â”(ï¼¾0ï¼¾)â”›
Have a great day ãƒ¾(ï½¥Ï‰ï½¥*)ï¾‰"
AG4THAX,2022-06-21 23:59:59+00:00,1,"<a href=""http://twitter.com/download/android"" rel=""nofollow"">Twitter for Android</a>",@squierhell have a nice day
brosandprose,2022-06-21 23:59:59+00:00,4,"<a href=""https://mobile.twitter.com"" rel=""nofollow"">Twitter Web App</a>",@ElisaSDavis me too. I hope he never has a single day of peace.
its_teyaa,2022-06-21 23:59:59+00:00,0,"<a href=""http://twitter.com/download/iphone"" rel=""nofollow"">Twitter for iPhone</a>",on repeat all day and idk why. something about it ğŸ¤ğŸ½ğŸ¤ğŸ½ https://t.co/Eta4n3G11v
COLDSTEELIRL,2022-06-21 23:59:59+00:00,3,"<a href=""http://twitter.com/download/android"" rel=""nofollow"">Twitter for Android</a>","one day god fr just went and said ""im gonna make the most basic ass animal I can and somehow still make it function"" then made earthworms"
bin4life,2022-06-21 23:59:59+00:00,0,"<a href=""http://twitter.com/download/iphone"" rel=""nofollow"">Twitter for iPhone</a>",@mkldni i eat it like it's my last day alive
mylesspike86,2022-06-21 23:59:59+00:00,1,"<a href=""http://twitter.com/download/iphone"" rel=""nofollow"">Twitter for iPhone</a>",Megan did it again. Another close game. Letâ€™s do it again tomorrow when she goes for 7. Have a great night and first day of summer #Jeopardy fam! @Jeopardy
RGCBaseball,2022-06-21 23:59:59+00:00,10,"<a href=""http://twitter.com/download/iphone"" rel=""nofollow"">Twitter for iPhone</a>",Awesome turnout for Day 1 of the 2022 Rattler Baseball Summer Camp!! #RattlerPride https://t.co/cU5fvg4vXd
jstvnme,2022-06-21 23:59:59+00:00,0,"<a href=""http://twitter.com/download/android"" rel=""nofollow"">Twitter for Android</a>",have a nice dayğŸ’ğŸ’
panamaorange,2022-06-21 23:59:59+00:00,0,"<a href=""http://twitter.com/download/android"" rel=""nofollow"">Twitter for Android</a>","@StevenCambian This is how we know davey wilcock isn't really working on his planes. Engineering anything nowadays is incredibly stressful. He would be complaining about that work. 
He wouldnt have time to just cook eggs, and talk to squirrels all day."
k_phoover,2022-06-21 23:59:58+00:00,0,"<a href=""http://twitter.com/download/iphone"" rel=""nofollow"">Twitter for iPhone</a>",@TrumpHair_ @tsRoxxxyKonton @RandyRRQuaid @StephenAtHome @colbertlateshow What about when you are a loved one are hospitalized? Obviously longer lines. If you feel it is safer way it is then youâ€™re a troll. Scream to your meatloaf and call it a day nerd https://t.co/st71DmnI4I
gmasonii,2022-06-21 23:59:58+00:00,0,"<a href=""http://twitter.com/#!/download/ipad"" rel=""nofollow"">Twitter for iPad</a>",@AdamKinzinger @GOPLeader @gopleader has no shame.  Neither does most of the GOP.  They have lost all sense of right and wrong.  Sad day when most of the people we trust to run the country have no moral compass.
ksy_ab,2022-06-22 23:59:59+00:00,1,"<a href=""http://twitter.com/download/android"" rel=""nofollow"">Twitter for Android</a>",@skzjiluv Good morning have a great day ğŸ’•
kimrafa10,2022-06-22 23:59:59+00:00,0,"<a href=""http://twitter.com/download/iphone"" rel=""nofollow"">Twitter for iPhone</a>","@AdamKinzinger Your son is beautiful. God bless you and your wife. You make a wonderful family. He will be very proud of you one day, for what you did and continue to do. â¤ï¸ğŸ™ğŸ’ª"
neah_naomi,2022-06-22 23:59:59+00:00,0,"<a href=""http://twitter.com/download/iphone"" rel=""nofollow"">Twitter for iPhone</a>",I think about my brother every day ğŸ’•
Kazenmax,2022-06-22 23:59:59+00:00,1,"<a href=""http://twitter.com/download/iphone"" rel=""nofollow"">Twitter for iPhone</a>","@georgehahn Day 25,499 and I have not felt the need for a gun or bought yet."
moremoreidol,2022-06-22 23:59:59+00:00,0,"<a href=""https://cheapbotsdonequick.com"" rel=""nofollow"">Cheap Bots, Done Quick!</a>","You know, it kind of reminds me of us back in the day."
GT99912841,2022-06-22 23:59:59+00:00,1,"<a href=""http://twitter.com/download/iphone"" rel=""nofollow"">Twitter for iPhone</a>","@richo_1973 Morning Richo did you get to the gym? ğŸ‹ï¸ğŸ‹ï¸â€â™‚ï¸ğŸ‹ï¸
Have a wonderful day ğŸ˜Š"
sadtuneshappier,2022-06-22 23:59:59+00:00,0,"<a href=""http://twitter.com/download/iphone"" rel=""nofollow"">Twitter for iPhone</a>","i feel like ur one of my closest friends on here and so thankful that we started talking and interacting. i wish we could have met at Oliviaâ€™s show, but one day itâ€™ll happenğŸ«¶ anyways thank you for being an amazing friend and ily so muchğŸ«‚ğŸ’–"
m0utth,2022-06-22 23:59:59+00:00,0,"<a href=""http://twitter.com/download/iphone"" rel=""nofollow"">Twitter for iPhone</a>",iâ€™ll be thinking about this all day
susannahsparrow,2022-06-22 23:59:59+00:00,3,"<a href=""http://twitter.com/download/iphone"" rel=""nofollow"">Twitter for iPhone</a>",@MaximeBernier ğŸ™„The NWO should take their â€˜Newâ€™ agenda and get permanently lost. (That is the polite version of what I would like to say). Itâ€™s Canada Day and it will always be Canada Day as far as Iâ€™m concerned.
carolina_19861,2022-06-22 23:59:59+00:00,1,"<a href=""http://twitter.com/download/iphone"" rel=""nofollow"">Twitter for iPhone</a>",Good day to everyone
homeismyfriend,2022-06-22 23:59:59+00:00,3,"<a href=""http://twitter.com/download/iphone"" rel=""nofollow"">Twitter for iPhone</a>",@cscviews @ABCthedrum Ppl lose jobs every day. Why arenâ€™t they on your show?
HoopsWill,2022-06-23 23:59:59+00:00,0,"<a href=""http://twitter.com/download/iphone"" rel=""nofollow"">Twitter for iPhone</a>","@Marjon32 Congrats on the big day, youâ€™re going to kill it"
IAmOroro,2022-06-23 23:59:59+00:00,2,"<a href=""https://mobile.twitter.com"" rel=""nofollow"">Twitter Web App</a>","@acrim1689 @D_B_Harrison @LaurieTaylor2 @twittersecurity @TwitterSafety Let's try this again. He can create hashtags. The issue is, when you use them as dog whistles to get ppl attacked... That's the problem. That's exactly what he did to me the other day when he quote tweeted me. https://t.co/zVUO4RNj4R"
inkbypnut,2022-06-23 23:59:59+00:00,87,"<a href=""http://twitter.com/download/iphone"" rel=""nofollow"">Twitter for iPhone</a>","ğŸš¨ğŸš¨ğŸš¨PSAğŸš¨ğŸš¨ğŸš¨
We doing 150-$200 tattoo specials ((hunter hunter)) !!! All day long â€¦.. at our dallas location @1upink_tattoostudio  and our LA location @1upinkwest .
 Come shop with us !! Today!!! https://t.co/YI3aRpyUZh"
DeJuanH,2022-06-23 23:59:59+00:00,1,"<a href=""http://twitter.com/download/iphone"" rel=""nofollow"">Twitter for iPhone</a>",Man in the ongoing petty war between me and my cole friends. It wasnâ€™t a good day.
chanslovenote,2022-06-23 23:59:59+00:00,1,"<a href=""http://twitter.com/download/iphone"" rel=""nofollow"">Twitter for iPhone</a>",@rainstars_ Have a great day isha ğŸ’•
michellejonesrn,2022-06-23 23:59:59+00:00,5,"<a href=""https://mobile.twitter.com"" rel=""nofollow"">Twitter Web App</a>","@RonFilipkowski @Joanndu88595431 LOL these tweets are a great barometer of just how worried the GOP is after the 1/6 hearing of the day.
Given this tweet, I'd say above scared and just slightly below terrified.
WTG 1/6 committee! Keep up the great work, will be watching in July!"
RieSonomura,2022-06-23 23:59:59+00:00,0,"<a href=""https://mobile.twitter.com"" rel=""nofollow"">Twitter Web App</a>","i have add, chronic pain in my hips when i do certain chores, and perhaps a lingering trauma that makes me averse to chores because im reminded of a total of 5 years i couldn't find employment and was stuck in house doing chores all day every day"
QueenKoko69,2022-06-23 23:59:58+00:00,2,"<a href=""https://mobile.twitter.com"" rel=""nofollow"">Twitter Web App</a>",@lywhitedragon I recommend it c: Every other week or so I take a 3ish day break from the socials/discords. Have fun with your vacation!
MobyProf,2022-06-23 23:59:58+00:00,14,"<a href=""https://mobile.twitter.com"" rel=""nofollow"">Twitter Web App</a>","Happy International #Typewriter Day!

Having fun trying out this little Royal Quiet De Luxe, which seems to like its new ribbon. #writinggeek #amwriting https://t.co/Ii7DBkTnxB"
alexuschanel__,2022-06-23 23:59:57+00:00,0,"<a href=""http://twitter.com/download/iphone"" rel=""nofollow"">Twitter for iPhone</a>",I gotta take a 6 day cruise I just want to experience that
tansoku_trainee,2022-06-23 23:59:57+00:00,9,"<a href=""http://twitter.com/download/iphone"" rel=""nofollow"">Twitter for iPhone</a>","æœã”ã¯ã‚“ã‚„ã£ã¨é£Ÿã¹ã‚ŒãŸğŸ˜‚ã‚«ãƒ¤ã‚¸ãƒ£ãƒ ãƒ‘ãƒ³ï¼

ã‚ˆãã‚ã‹ã‚‰ãªã„ã‘ã©ã€ãªã‚“ã‹ç”˜ã„ã‚¸ãƒ£ãƒ ç¬‘

æœã”ã¯ã‚“ã‚’æ±‚ã‚ã¦1æ™‚é–“ãã‚‰ã„ã•ã¾ã‚ˆã£ãŸï½¥ï½¥ï½¥ã‚¹ãƒ‹ãƒ¼ã‚«ãƒ¼ãŒé›¨ã§ãã˜ã‚‡ãã˜ã‚‡ğŸ˜­ã‚‚ã†ç§ã®æˆ¦é—˜åŠ›ã‚¼ãƒ­ã ã‹ã‚‰ã€ä»Šæ—¥ã¯ã‚„ã£ã±ã‚ŠãŠè²·ã„ç‰©dayã‹ãªğŸ™„ãƒãƒ¬ãƒ¼ã‚·ã‚¢ã¾ã§æ¥ã¦è²·ã„ç‰©ã¦ã€‚ https://t.co/IaBoZTvhGB"
LongevLifestyle,2022-06-24 23:59:59+00:00,0,"<a href=""https://mobile.twitter.com"" rel=""nofollow"">Twitter Web App</a>","@thehealthb0t It will happen...

I hear ""let's start a commune"" every other day. ğŸ§‘â€ğŸŒ¾ğŸ‘©â€ğŸŒ¾

Many systems are far too centralized.

Our sense of community is lost.

People want this back."
FishStix,2022-06-24 23:59:59+00:00,91,"<a href=""https://mobile.twitter.com"" rel=""nofollow"">Twitter Web App</a>","Picked an awkward day for my birthday, but hey. This is 34 ğŸ¥³

ğŸ§¡ https://t.co/Uvv7gVldsg"
MotherlodeLaura,2022-06-24 23:59:59+00:00,1,"<a href=""http://twitter.com/download/iphone"" rel=""nofollow"">Twitter for iPhone</a>",@MsAllieD I was just talking about abortion being on the chopping block last night with my kids. I knew it was coming but it still feels like a sucker punch. I am at the sinus headache and cried out eyes stage of the day.
anomalyhoneyb,2022-06-24 23:59:59+00:00,1,"<a href=""http://twitter.com/download/iphone"" rel=""nofollow"">Twitter for iPhone</a>",i got one more day Lord ğŸ˜­
bledwrath,2022-06-24 23:59:59+00:00,0,"<a href=""https://mobile.twitter.com"" rel=""nofollow"">Twitter Web App</a>","@AlluringRosa âœ›âˆ´

ã€€â€œThere should be such a place in the countryside. Perhaps, we could spend a day in the weekend there?â€"
stilgherrian,2022-06-24 23:59:59+00:00,3,"<a href=""https://about.twitter.com/products/tweetdeck"" rel=""nofollow"">TweetDeck</a>","Sat plan: Make a podcast filled with joy, or with something else; in the background, do some laundry; data wrangling. It will be a solid and productive day, but paced sensibly."
ElectricSamura2,2022-06-24 23:59:59+00:00,16,"<a href=""http://twitter.com/download/iphone"" rel=""nofollow"">Twitter for iPhone</a>",Have a beautiful day ğŸ¤˜ğŸ»â¤ï¸ https://t.co/BQcpxnERNf
BIG_Sevn7,2022-06-24 23:59:59+00:00,0,"<a href=""http://twitter.com/download/iphone"" rel=""nofollow"">Twitter for iPhone</a>",Been running around all day. Iâ€™m ready to smoke down and eat.
GenPanwar,2022-06-24 23:59:59+00:00,31,"<a href=""http://twitter.com/download/android"" rel=""nofollow"">Twitter for Android</a>",Good morning dear friends. Have a beautiful day ğŸŒ„ https://t.co/P4m4ajIJ10
OhOhNatalya,2022-06-24 23:59:58+00:00,0,"<a href=""http://twitter.com/download/android"" rel=""nofollow"">Twitter for Android</a>",I guess 25th day of the month will always hurt like hell.
theinkedknight,2022-06-24 23:59:58+00:00,6,"<a href=""http://twitter.com/download/android"" rel=""nofollow"">Twitter for Android</a>","It's bottle day. I started this viking blÃ¶d mead (honey, hibiscus, cherries, hops, and fortified with vodka) 6 weeks ago. Now it'll age for at least 6 months https://t.co/NAGRR5AocO"
imyour_taeil,2022-06-25 23:59:59+00:00,0,"<a href=""http://twitter.com/download/android"" rel=""nofollow"">Twitter for Android</a>","Morning mootsğŸ‘‹ğŸ» happy sunday, happy weekend have a nice dayâœŒğŸ»"
FairMaidenNot,2022-06-25 23:59:59+00:00,1,"<a href=""http://twitter.com/#!/download/ipad"" rel=""nofollow"">Twitter for iPad</a>",@KissesXoXDolly Eliasâ€™s face falls. â€œI havenâ€™t seen them ever since the titans broke through the gates on that dayâ€¦ So I donâ€™t think they made it to the evacuation boats.â€
MainLineToday,2022-06-25 23:59:59+00:00,0,"<a href=""http://www.hubspot.com/"" rel=""nofollow"">HubSpot</a>","Ready to plan your big day? Our comprehensive guide has everything from florists and planners to photographers and venues to make your Main Line wedding unforgettable.

https://t.co/OHXqvKOmRe"
closer2fine,2022-06-25 23:59:59+00:00,0,"<a href=""http://twitter.com/download/iphone"" rel=""nofollow"">Twitter for iPhone</a>",@weltonlassos Iâ€™ve been so upset all day. Ophelia is the most loving person. I hope they find the person responsible.
lord,2022-06-25 23:59:59+00:00,0,"<a href=""http://twitter.com/download/iphone"" rel=""nofollow"">Twitter for iPhone</a>",Another great day!
BGYOART3,2022-06-25 23:59:58+00:00,2,"<a href=""http://twitter.com/download/iphone"" rel=""nofollow"">Twitter for iPhone</a>","Happy Birthday, Nate! 

HAPPY BGYO NATE DAY

#HappyBunaNATEDay
#BGYO @bgyo_ph"
DotmanJohn,2022-06-25 23:59:58+00:00,0,"<a href=""http://twitter.com/download/android"" rel=""nofollow"">Twitter for Android</a>","@the_banku Lmao! Fr? ğŸ˜„
I thought we were done for one day"
1loveshop,2022-06-25 23:59:58+00:00,1,"<a href=""https://mobile.twitter.com"" rel=""nofollow"">Twitter Web App</a>","We are OPEN on Canada Day! Hours are 11 am until 7 pm! stop in and see us so we can help you start some fireworks in your bedroom!

#CanadaDay2022 #canadaday https://t.co/SVy9qlIrPX"
WieTalk,2022-06-25 23:59:58+00:00,0,"<a href=""http://twitter.com/download/android"" rel=""nofollow"">Twitter for Android</a>","The day is just getting started no pero lami nang humanon dayon, alert naman mu answer nko para maka relax na hahaha"
loybuhwang,2022-06-25 23:59:58+00:00,0,"<a href=""https://mobile.twitter.com"" rel=""nofollow"">Twitter Web App</a>",parang expected ko na na kuly 15 ilalabas solo ni jhope the day nung sinabi na mauuna raw si jhope mag labas hahahaha. parang may kutob ako na makakasabay pero yun nga sumabay. HAHAHHAHA let's enjoy the comeback nalang guys ğŸ˜šğŸ˜š
hika_plv_moyu,2022-06-25 23:59:58+00:00,0,"<a href=""http://twitter.com/download/iphone"" rel=""nofollow"">Twitter for iPhone</a>","#100æ—¥å¾Œã‚‚æ¨ã—ã¦ã‚‹ã‚ªã‚¿ã‚¯ãƒãƒ£ãƒ¬ãƒ³ã‚¸ 
Day.77
Q:ã‚‚ã‚†ã‚‹ã•ã‚“ã«èŠ±ã‚’æ¸¡ã™ãªã‚‰ï¼Ÿ
A:6æœˆ18æ—¥ã®èŠ±ã§ã‚ã‚‹ï½¢ãƒ•ãƒ©ãƒ³ãƒãƒ«ãƒ•ãƒ©ãƒ¯ãƒ¼ï½£
èŠ±è¨€è‘‰ã¯ï½¢é«˜æ½”ãƒ»èª å®Ÿï½£ https://t.co/KNxrLU80Q0"
LoggleBot,2022-06-26 23:59:59+00:00,0,"<a href=""https://cheapbotsdonequick.com"" rel=""nofollow"">Cheap Bots, Done Quick!</a>","sighs. well loggle. another day, another step closer to bankrupt- eh?"
GlassesJudge,2022-06-26 23:59:59+00:00,1,"<a href=""https://mobile.twitter.com"" rel=""nofollow"">Twitter Web App</a>",@STERLSHEP87 keep reading the thread though! made someones day :)
zheydorntorch,2022-06-26 23:59:59+00:00,6,"<a href=""http://twitter.com/download/iphone"" rel=""nofollow"">Twitter for iPhone</a>",This crowd is amped. Night and day compared to the Hell in a Cell PPV in this market a few years ago in terms of pre-show energy. #AEWForbiddenDoor
twoshedslegit,2022-06-26 23:59:59+00:00,1,"<a href=""http://twitter.com/download/iphone"" rel=""nofollow"">Twitter for iPhone</a>","@MrKRudd The LNP are clearly on Planet Nutter!  Theyâ€™re crazy, and seemingly determined to go the way of the dinosaurs they emulate every day ğŸ¦•ğŸ¦–ğŸ¦•ğŸ¦–"
ImpostorDoctor,2022-06-26 23:59:59+00:00,3,"<a href=""https://mobile.twitter.com"" rel=""nofollow"">Twitter Web App</a>",Every day.
Effing_Frank,2022-06-26 23:59:59+00:00,1,"<a href=""http://twitter.com/download/android"" rel=""nofollow"">Twitter for Android</a>",@chevyrobscv @kylegriffin1 @GavinNewsom The only person who died that day was an unarmed American veteran at the hands of the capitol police.
NewHavenED,2022-06-26 23:59:59+00:00,6,"<a href=""http://twitter.com/download/iphone"" rel=""nofollow"">Twitter for iPhone</a>",Historic day! See you at 930 tomorrow!
chicuwu_,2022-06-26 23:59:59+00:00,2,"<a href=""http://twitter.com/download/android"" rel=""nofollow"">Twitter for Android</a>",@PlanoNameHokeB ParabÃ©ns bro :3 Have a great day
its___day,2022-06-26 23:59:59+00:00,0,"<a href=""http://twitter.com/download/iphone"" rel=""nofollow"">Twitter for iPhone</a>",Since I been doing my hair I want a new hair style every 2/3 days
lazyactivist192,2022-06-26 23:59:59+00:00,3,"<a href=""https://mobile.twitter.com"" rel=""nofollow"">Twitter Web App</a>","@MStormbird @bellesapepper37 @KirosAuld @jfkeeler @LakotaMan1 So how do you feel about Keeler's work, especially in regards to east coast tribes, where ""Indian"" as a census/birth certificate record was the exception, not the rule. Instead, used terms were very much based around colorism, and that seeps into present day work."
ChrestTracy,2022-06-26 23:59:58+00:00,1,"<a href=""http://twitter.com/download/iphone"" rel=""nofollow"">Twitter for iPhone</a>","My day yesterday, getting unstuck ..

ğŸª¶ğŸ¦¬ğŸ¦…ğŸ¦‹â¤ï¸ğŸ™ https://t.co/3S7oTJQHuX"
shnkml,2022-06-27 23:59:59+00:00,0,"<a href=""http://twitter.com/download/android"" rel=""nofollow"">Twitter for Android</a>",@jaeminnan_ don't skip your breakfast and have a nice day!
AliceSmithSch,2022-06-27 23:59:59+00:00,5,"<a href=""http://www.hubspot.com/"" rel=""nofollow"">HubSpot</a>","It's here! Graduation day has arrived and our Year 12's (aka #KLASSof2023) have a special message for our #KLASSof2022  https://t.co/J2T77ic7A4
It's going to be a FABULOUS day! ğŸ“ğŸ‰ğŸ™Œ"
kickindaeye,2022-06-27 23:59:59+00:00,2,"<a href=""http://twitter.com/download/iphone"" rel=""nofollow"">Twitter for iPhone</a>",a big ty to everyone whoâ€™s been lovely today and offered me any kind of support ! ive just had a bit of a shitty day so hopefully ill be okay tomos !
iiluvwon_woo,2022-06-27 23:59:59+00:00,1,"<a href=""http://twitter.com/download/android"" rel=""nofollow"">Twitter for Android</a>","@candyyyy_sss jangan lupa sarapan, have a nice day!"
MainLineToday,2022-06-27 23:59:59+00:00,0,"<a href=""http://www.hubspot.com/"" rel=""nofollow"">HubSpot</a>","Day-to-day living can be chaotic. Here's some advice from a Main Line expert on keeping up with daily during these uncertain times. 

https://t.co/6C5B6rkn5g"
Bam2bole,2022-06-27 23:59:59+00:00,1,"<a href=""https://mobile.twitter.com"" rel=""nofollow"">Twitter Web App</a>","@AadiAchint For 20y @free_thinker and gang hounded him day and night.
Less than a day in jail and the rats start squealing?"
vziea,2022-06-27 23:59:58+00:00,0,"<a href=""http://twitter.com/download/android"" rel=""nofollow"">Twitter for Android</a>","@prttrzai have a nice day, yiza!!"
InversLia,2022-06-27 23:59:58+00:00,0,"<a href=""http://twitter.com/download/android"" rel=""nofollow"">Twitter for Android</a>","@SandeChin I live in the country and every day I go out speeders cross the line on country corners half in the lane, speed through 50k zones and try to overtake tractors on narrow roads. Stupidity is what causes accidents and others die!"
TheReelSB,2022-06-27 23:59:58+00:00,2,"<a href=""http://twitter.com/download/android"" rel=""nofollow"">Twitter for Android</a>","Worked out for the 2nd day in a row. Considering I never exercise, I'm a little proud."
codykai763,2022-06-27 23:59:58+00:00,0,"<a href=""http://twitter.com/download/android"" rel=""nofollow"">Twitter for Android</a>",Not a bad day :) I'm just hella tired out ğŸ˜´ https://t.co/AaCRUalhpW
hortonelijah13,2022-06-27 23:59:58+00:00,0,"<a href=""http://twitter.com/download/iphone"" rel=""nofollow"">Twitter for iPhone</a>",@JoshSnook21 ğŸ˜‚ Rome wasnâ€™t built in a day. Took us awhile to get to this point as it is
